{
  "version": 1,
  "author": "Lathika Wathsara",
  "editor": "wokwi",
  "parts": [
    { "type": "wokwi-esp32-devkit-v1", "id": "esp", "top": 0, "left": 0, "attrs": {} },
    {
      "type": "wokwi-dht22",
      "id": "dht1",
      "top": 23.05,
      "left": 229.51,
      "attrs": { "temperature": "39.9", "humidity": "71.5" }
    },
    {
      "type": "wokwi-photoresistor-sensor",
      "id": "ldr1",
      "top": -101.16,
      "left": -266.05,
      "attrs": {}
    },
    {
      "type": "wokwi-lcd1602",
      "id": "lcd1",
      "top": -132.44,
      "left": 267.77,
      "attrs": { "pins": "i2c" }
    },
    { "type": "wokwi-servo", "id": "servo1", "top": 105.14, "left": 324.01, "attrs": {} },
    {
      "type": "wokwi-buzzer",
      "id": "bz1",
      "top": 50.66,
      "left": -223.25,
      "attrs": { "volume": "0.1" }
    }
  ],
  "connections": [
    [ "esp:TX0", "$serialMonitor:RX", "", [] ],
    [ "esp:RX0", "$serialMonitor:TX", "", [] ],
    [ "esp:D15", "dht1:SDA", "green", [ "h87.75", "v-44.14" ] ],
    [ "dht1:VCC", "esp:3V3", "red", [ "v65.86", "h-77.19" ] ],
    [ "esp:GND.1", "dht1:GND", "black", [ "h107.35", "v-56.63" ] ],
    [ "esp:D34", "ldr1:AO", "green", [ "h-75.26", "v-11.54" ] ],
    [ "ldr1:VCC", "esp:VIN", "red", [ "h41.28", "v145.16" ] ],
    [ "ldr1:GND", "esp:GND.2", "black", [ "h51.5", "v122.02" ] ],
    [ "servo1:PWM", "esp:D4", "green", [ "h-177.51", "v-34.07" ] ],
    [ "servo1:GND", "esp:GND.1", "black", [ "h-97.74", "v-7.83" ] ],
    [ "servo1:V+", "esp:3V3", "green", [ "h0" ] ],
    [ "esp:D12", "bz1:2", "green", [ "h-113.52", "v79.23", "h-58.39" ] ],
    [ "bz1:1", "esp:GND.2", "green", [ "v2.28", "h198.82" ] ],
    [ "lcd1:SCL", "esp:D22", "green", [ "h-152.94", "v102.36" ] ],
    [ "lcd1:SDA", "esp:D21", "green", [ "h-145.45", "v150.97" ] ],
    [ "lcd1:VCC", "esp:3V3", "red", [ "h-135.88", "v134.26" ] ],
    [ "lcd1:GND", "esp:GND.1", "black", [ "h-147.39", "v213.54" ] ]
  ],
  "dependencies": {}
}