{
  "version": 1,
  "author": "Uri Shaked",
  "editor": "wokwi",
  "parts": [
    { "type": "wokwi-esp32-devkit-v1", "id": "esp", "top": 0, "left": 0, "attrs": {} },
    { "type": "wokwi-dht22", "id": "dht1", "top": -15.53, "left": 145.5, "attrs": {} },
    {
      "type": "wokwi-photoresistor-sensor",
      "id": "ldr1",
      "top": 15.58,
      "left": -197.15,
      "rotate": 90,
      "attrs": {}
    },
    { "type": "wokwi-servo", "id": "servo1", "top": 93.13, "left": 240.27, "attrs": {} }
  ],
  "connections": [
    [ "esp:TX0", "$serialMonitor:RX", "", [] ],
    [ "esp:RX0", "$serialMonitor:TX", "", [] ],
    [ "dht1:SDA", "esp:D15", "green", [ "v0" ] ],
    [ "dht1:VCC", "esp:3V3", "red", [ "v0" ] ],
    [ "dht1:GND", "esp:GND.1", "black", [ "v0" ] ],
    [ "esp:GND.2", "ldr1:GND", "black", [ "h-107.65", "v-14.61" ] ],
    [ "ldr1:AO", "esp:D34", "yellow", [ "v7.94", "h106.07", "v-89.93", "h-4.79" ] ],
    [ "esp:3V3", "ldr1:VCC", "red", [ "v67.92", "h0.83" ] ],
    [ "servo1:GND", "esp:GND.1", "black", [ "h-43.85", "v5.4" ] ],
    [ "servo1:V+", "esp:3V3", "red", [ "h-42.28", "v7.27" ] ],
    [ "servo1:PWM", "esp:D4", "cyan", [ "h-114.02", "v-41.82" ] ]
  ],
  "dependencies": {}
}